,Player,Actual_Salary,Adjusted_Salary,Year
0,Stephen Curry,34682550,36266630,2017
1,LeBron James,33285709,34805990,2017
2,Paul Millsap,30769231,32174575,2017
3,Gordon Hayward,29727900,31085683,2017
4,Blake Griffin,29512900,30860863,2017
5,Kyle Lowry,28903704,30223842,2017
6,Mike Conley,28530608,29833706,2017
7,James Harden,28299399,29591937,2017
8,Russell Westbrook,28299399,29591937,2017
9,DeMar DeRozan,27739975,29006962,2017
10,Al Horford,27734405,29001137,2017
11,Carmelo Anthony,26243760,27442409,2017
12,Damian Lillard,26153057,27347563,2017
13,Jrue Holiday,25686667,26859871,2017
14,Chris Bosh,25289390,26444449,2017
15,Kevin Durant,25000000,26141842,2017
16,Otto Porter,24773250,25904735,2017
17,Chris Paul,24268959,25377412,2017
18,CJ McCollum,23962573,25057032,2017
19,Andre Drummond,23775506,24861421,2017
20,Hassan Whiteside,23775506,24861421,2017
21,Anthony Davis,23775506,24861421,2017
22,Bradley Beal,23775506,24861421,2017
23,Dwight Howard,23500000,24573331,2017
24,Harrison Barnes,23112004,24167614,2017
25,Chandler Parsons,23112004,24167614,2017
26,JJ Redick,23000000,24050494,2017
27,Kevin Love,22642350,23676509,2017
28,DeAndre Jordan,22642350,23676509,2017
29,Brook Lopez,22642350,23676509,2017
30,Marc Gasol,22642350,23676509,2017
31,Giannis Antetokounmpo,22471911,23498286,2017
32,Steven Adams,22471911,23498286,2017
33,Nicolas Batum,22434783,23459462,2017
34,LaMarcus Aldridge,21461010,22441213,2017
35,Greg Monroe,21384175,22360868,2017
36,Rudy Gobert,21224719,22194130,2017
37,Victor Oladipo,21000000,21959147,2017
38,Danilo Gallinari,20559599,21498631,2017
39,Serge Ibaka,20061729,20978022,2017
40,George Hill,20000000,20913473,2017
41,Ryan Anderson,19578455,20472675,2017
42,Paul George,19300000,20181502,2017
43,Jeff Teague,19000000,19867800,2017
44,Kyrie Irving,18868626,19730425,2017
45,Kawhi Leonard,18868625,19730424,2017
46,Jimmy Butler,18696918,19550875,2017
47,Allen Crabbe,18500000,19344963,2017
48,DeMarcus Cousins,18063850,18888892,2017
49,John Wall,18063850,18888892,2017
50,Enes Kanter,17884176,18701012,2017
51,Wesley Matthews,17884175,18701011,2017
52,Dwyane Wade,17878652,18695235,2017
53,Klay Thompson,17826150,18640336,2017
54,Joakim Noah,17765000,18576393,2017
55,Kentavious Caldwell-Pope,17745894,18556414,2017
56,Luol Deng,17190000,17975130,2017
57,Evan Turner,17131148,17913590,2017
58,Goran Dragic,17000450,17776923,2017
59,Bismack Biyombo,17000000,17776452,2017
60,Evan Fournier,17000000,17776452,2017
61,Kent Bazemore,16910112,17682459,2017
62,Robert Covington,16698103,17460767,2017
63,Tim Hardaway Jr,16500000,17253615,2017
64,Tristan Thompson,16400000,17149048,2017
65,Draymond Green,16400000,17149048,2017
66,Reggie Jackson,16000000,16730779,2017
67,Tobias Harris,16000000,16730779,2017
68,Pau Gasol,16000000,16730779,2017
69,Ian Mahinmi,16000000,16730779,2017
70,Dennis Schroeder,15500000,16207942,2017
71,Jonas Valanciunas,15460675,16166821,2017
72,Tony Parker,15453126,16158927,2017
73,Timofey Mozgov,15280000,15977894,2017
74,Jamal Crawford,15270762,15968233,2017
75,Andre Iguodala,14814815,15491462,2017
76,DeMarre Carroll,14800000,15475970,2017
77,Eric Bledsoe,14500000,15162268,2017
78,Gorgui Dieng,14112360,14756923,2017
79,Khris Middleton,14100000,14743999,2017
80,Ricky Rubio,14100000,14743999,2017
81,Mason Plumlee,14041096,14682404,2017
82,Taj Gibson,14000000,14639431,2017
83,Robin Lopez,13788500,14418271,2017
84,JR Smith,13760000,14388470,2017
85,James Johnson,13734000,14361282,2017
86,Joe Ingles,13636364,14259187,2017
87,Brandon Knight,13618750,14240768,2017
88,Marvin Williams,13168750,13770215,2017
89,Michael Kidd-Gilchrist,13000000,13593758,2017
90,Tyson Chandler,13000000,13593758,2017
91,Eric Gordon,12943020,13534175,2017
92,Kenneth Faried,12921348,13511513,2017
93,Thaddeus Young,12921348,13511513,2017
94,Marcin Gortat,12782609,13366437,2017
95,Cody Zeller,12584270,13159040,2017
96,Nikola Mirotic,12500000,13070921,2017
97,Miles Plumlee,12400000,12966353,2017
98,Zach Randolph,12307692,12869829,2017
99,Nikola Vucevic,12250000,12809502,2017
100,Solomon Hill,12236535,12795422,2017
101,Dion Waiters,12100000,12652651,2017
102,Wilson Chandler,12016854,12565708,2017
103,Kelly Olynyk,12007169,12555580,2017
104,Jeremy Lin,12000000,12548084,2017
105,Kemba Walker,12000000,12548084,2017
106,Derrick Favors,12000000,12548084,2017
107,Austin Rivers,11825000,12365091,2017
108,Courtney Lee,11747890,12284459,2017
109,Nikola Pekovic,11600000,12129814,2017
110,Jordan Clarkson,11562500,12090602,2017
111,John Henson,11422536,11944245,2017
112,Amir Johnson,11000000,11502410,2017
113,Alec Burks,10845506,11340860,2017
114,Patrick Mills,10714286,11203647,2017
115,Moe Harkless,10662922,11149937,2017
116,Omer Asik,10595505,11079440,2017
117,Bojan Bogdanovic,10500000,10979573,2017
118,Mirza Teletovic,10500000,10979573,2017
119,Terrence Ross,10500000,10979573,2017
120,Jon Leuer,10497319,10976770,2017
121,Iman Shumpert,10337079,10809211,2017
122,Joe Johnson,10254904,10723282,2017
123,Darren Collison,10000000,10456736,2017
124,Jared Dudley,10000000,10456736,2017
125,Danny Green,10000000,10456736,2017
126,Meyers Leonard,9904495,10356869,2017
127,Tony Snell,9821429,10270009,2017
128,Al Jefferson,9769821,10216044,2017
129,Matthew Dellavedova,9607500,10046310,2017
130,Trevor Booker,9571137,10008285,2017
131,Bogdan Bogdanovic,9470614,9903171,2017
132,Andre Roberson,9259260,9682164,2017
133,Dwight Powell,9003125,9414330,2017
134,Jerryd Bayless,9000000,9411063,2017
135,Avery Bradley,8808989,9211328,2017
136,JaMychal Green,8533333,8923081,2017
137,E'Twaun Moore,8445024,8830739,2017
138,Rudy Gay,8406000,8789933,2017
139,Kosta Koufos,8393000,8776339,2017
140,Corey Brewer,8105615,8475827,2017
141,Garrett Temple,8000000,8365389,2017
142,Vince Carter,8000000,8365389,2017
143,Markieff Morris,8000000,8365389,2017
144,CJ Miles,7936509,8298998,2017
145,Cristiano Felicio,7843500,8201741,2017
146,Shaun Livingston,7692308,8043644,2017
147,Cory Joseph,7630000,7978490,2017
148,PJ Tucker,7590035,7936699,2017
149,Andrew Wiggins,7574322,7920269,2017
150,Darrell Arthur,7464912,7805862,2017
151,Channing Frye,7420912,7759852,2017
152,Trevor Ariza,7400000,7737985,2017
153,Al-Farouq Aminu,7319035,7653322,2017
154,Cole Aldrich,7300000,7633417,2017
155,DJ Augustin,7250000,7581134,2017
156,Marco Belinelli,7082277,7405750,2017
157,Markelle Fultz,7026240,7347154,2017
158,Jeremy Lamb,7000000,7319715,2017
159,Kyle Korver,7000000,7319715,2017
160,Louis Williams,7000000,7319715,2017
161,Jameer Nelson,6998920,7318585,2017
162,Dewayne Dedmon,6900000,7215148,2017
163,Jae Crowder,6796117,7106520,2017
164,Jabari Parker,6782392,7092168,2017
165,Langston Galloway,6666667,6971158,2017
166,Lance Thomas,6655325,6959298,2017
167,Ersan Ilyasova,6514288,6811819,2017
168,Matt Barnes,6400625,6692965,2017
169,Ed Davis,6352531,6642674,2017
170,Rajon Rondo,6300000,6587744,2017
171,Jonathon Simmons,6300000,6587744,2017
172,Lonzo Ball,6286560,6573690,2017
173,Wayne Ellington,6270000,6556374,2017
174,Isaiah Thomas,6261394,6547375,2017
175,Karl-Anthony Towns,6216840,6500786,2017
176,Ben Simmons,6168840,6450593,2017
177,Joel Embiid,6100266,6378887,2017
178,Josh McRoberts,6021175,6296184,2017
179,Ishmael Smith,6000000,6274042,2017
180,Milos Teodosic,6000000,6274042,2017
181,Shelvin Mack,6000000,6274042,2017
182,Alan Williams,6000000,6274042,2017
183,Brandan Wright,5955760,6227780,2017
184,Wesley Johnson,5881260,6149878,2017
185,Boban Marjanovic,5881260,6149878,2017
186,Tyler Johnson,5821260,6087138,2017
187,Alex Abrines,5725000,5986481,2017
188,Jayson Tatum,5645400,5903246,2017
189,D'Angelo Russell,5562360,5816413,2017
190,Brandon Ingram,5519400,5771491,2017
191,Josh Smith,5514806,5766686,2017
192,Patrick Beverley,5513514,5765336,2017
193,Aaron Gordon,5504419,5755826,2017
194,Deron Williams,5474787,5724840,2017
195,Arron Afflalo,5328652,5572030,2017
196,Anthony Tolliver,5290000,5531613,2017
197,Thabo Sefolosha,5250000,5489786,2017
198,Jason Smith,5225000,5463645,2017
199,Ben McLemore,5200000,5437503,2017
200,Nick Young,5192000,5429137,2017
201,Patrick Patterson,5192000,5429137,2017
202,Josh Jackson,5090040,5322520,2017
203,Mike Muscala,5000000,5228368,2017
204,Marcus Morris,5000000,5228368,2017
205,Dirk Nowitzki,5000000,5228368,2017
206,Larry Sanders,5000000,5228368,2017
207,Jahlil Okafor,4995120,5223265,2017
208,Dante Exum,4992385,5220405,2017
209,Alexis Ajinca,4961798,5188421,2017
210,Jaylen Brown,4956480,5182860,2017
211,Richard Jefferson,4828652,5049194,2017
212,Sean Kilpatrick,4774445,4992509,2017
213,Kyle Singler,4666500,4879636,2017
214,De'Aaron Fox,4609200,4819719,2017
215,Marcus Smart,4538019,4745287,2017
216,Kristaps Porzingis,4503600,4709296,2017
217,Justin Holiday,4500000,4705531,2017
218,Dragan Bender,4468800,4672906,2017
219,Devin Harris,4402546,4603626,2017
220,Ron Baker,4328000,4525675,2017
221,Aron Baynes,4300000,4496396,2017
222,Nerlens Noel,4187599,4378862,2017
223,Alex Len,4187599,4378862,2017
224,Jonathan Isaac,4186320,4377524,2017
225,Lance Stephenson,4180000,4370916,2017
226,Julius Randle,4149242,4338753,2017
227,Kyle O'Quinn,4087500,4274191,2017
228,Mario Hezonja,4078320,4264591,2017
229,Kris Dunn,4046760,4231590,2017
230,Noah Vonleh,4031018,4215129,2017
231,Jonas Jerebko,4000000,4182694,2017
232,Nemanja Bjelica,3950000,4130411,2017
233,Jose Juan Barea,3903900,4082205,2017
234,Quincy Pondexter,3853931,4029954,2017
235,Lauri Markkanen,3821640,3996188,2017
236,Nik Stauskas,3807146,3981032,2017
237,Willie Cauley-Stein,3704160,3873342,2017
238,Paul Pierce,3679840,3847911,2017
239,Buddy Hield,3675480,3843352,2017
240,Will Barton,3533333,3694713,2017
241,Frank Ntilikina,3501120,3661029,2017
242,Lavoy Allen,3500000,3659857,2017
243,Zaza Pachulia,3477600,3636434,2017
244,Nenê,3477600,3636434,2017
245,Troy Daniels,3408520,3564199,2017
246,Emmanuel Mudiay,3381480,3535924,2017
247,Jamal Murray,3355320,3508569,2017
248,Elfrid Payton,3332340,3484540,2017
249,Doug McDermott,3294994,3445488,2017
250,Tarik Black,3290000,3440266,2017
251,Tyreke Evans,3290000,3440266,2017
252,Jodie Meeks,3290000,3440266,2017
253,Dennis Smith,3218280,3365270,2017
254,Zach LaVine,3202217,3348474,2017
255,Ekpe Udoh,3200000,3346155,2017
256,TJ Warren,3152930,3296935,2017
257,Stanley Johnson,3097800,3239287,2017
258,Thon Maker,3086784,3227768,2017
259,Marquese Chriss,3073800,3214191,2017
260,Zach Collins,3057240,3196875,2017
261,Seth Curry,3028410,3166728,2017
262,James Ennis,3028410,3166728,2017
263,Mindaugas Kuzminskas,3028410,3166728,2017
264,Tomas Satoransky,3000000,3137021,2017
265,Ramon Sessions,2986463,3122865,2017
266,Jusuf Nurkic,2947304,3081918,2017
267,Lucas Nogueira,2947304,3081918,2017
268,Malik Monk,2904480,3037138,2017
269,Frank Kaminsky,2847600,2977660,2017
270,Andrew Nicholson,2844429,2974344,2017
271,Jakob Poeltl,2825640,2954697,2017
272,Luke Kennard,2759280,2885306,2017
273,Justise Winslow,2705040,2828589,2017
274,Michael Carter-Williams,2700000,2823318,2017
275,Cedi Osman,2642857,2763566,2017
276,Donovan Mitchell,2621280,2741003,2017
277,Gary Harris,2550055,2666525,2017
278,Domantas Sabonis,2550000,2666467,2017
279,Derrick Rose,2533488,2649201,2017
280,Malcolm Delaney,2500000,2614184,2017
281,Reggie Bullock,2500000,2614184,2017
282,Manu Ginobili,2500000,2614184,2017
283,Bam Adebayo,2490360,2604103,2017
284,Georgios Papagiannis,2486757,2600335,2017
285,Myles Turner,2483040,2596449,2017
286,Bruno Caboclo,2451224,2563180,2017
287,Ronnie Price,2442455,2554010,2017
288,Trey Lyles,2441400,2552907,2017
289,Taurean Prince,2422560,2533207,2017
290,Dario Saric,2422560,2533207,2017
291,Rodney Hood,2386864,2495880,2017
292,Justin Jackson,2365560,2473603,2017
293,Shabazz Napier,2361359,2469210,2017
294,Rashad Vaughn,2338653,2445467,2017
295,Clint Capela,2334528,2441154,2017
296,Jose Calderon,2328652,2435010,2017
297,David West,2328652,2435010,2017
298,Udonis Haslem,2328652,2435010,2017
299,Jason Terry,2328652,2435010,2017
300,Jarrett Jack,2328652,2435010,2017
301,Raymond Felton,2328652,2435010,2017
302,Nick Collison,2328652,2435010,2017
303,Devin Booker,2319360,2425293,2017
304,Dante Cunningham,2300000,2405049,2017
305,Wade Baldwin,2254292,2357253,2017
306,Guerschon Yabusele,2247480,2350130,2017
307,Justin Patton,2247480,2350130,2017
308,Monta Ellis,2245400,2347955,2017
309,Cameron Payne,2203440,2304079,2017
310,Denzel Valentine,2186400,2286260,2017
311,Kyle Anderson,2151704,2249980,2017
312,DJ Wilson,2135040,2232555,2017
313,Jeff Green,2116955,2213644,2017
314,JaVale McGee,2116955,2213644,2017
315,Luc Mbah a Moute,2116955,2213644,2017
316,Aaron Brooks,2116955,2213644,2017
317,Michael Beasley,2116955,2213644,2017
318,Marreese Speights,2116955,2213644,2017
319,Omri Casspi,2106470,2202680,2017
320,Mario Chalmers,2106407,2202614,2017
321,Darius Miller,2100000,2195914,2017
322,Kelly Oubre,2093040,2188636,2017
323,Juan Hernangomez,2076840,2171696,2017
324,TJ Leaf,2028360,2121002,2017
325,Spencer Hawes,2007058,2098727,2017
326,Tim Frazier,2000000,2091347,2017
327,Terry Rozier,1988520,2079343,2017
328,Luke Babbitt,1974159,2064326,2017
329,John Collins,1936920,2025386,2017
330,Shabazz Muhammad,1924755,2012664,2017
331,Harry Giles,1859400,1944325,2017
332,Troy Williams,1842176,1926314,2017
333,Sam Dekker,1794600,1876566,2017
334,Terrance Ferguson,1785000,1866527,2017
335,Henry Ellenson,1780800,1862135,2017
336,Eric Moreland,1740000,1819472,2017
337,Jerian Grant,1713840,1792117,2017
338,Jarrett Allen,1713720,1791991,2017
339,Quincy Acy,1709538,1787618,2017
340,Tyler Zeller,1709538,1787618,2017
341,Jordan Crawford,1709538,1787618,2017
342,Mike Scott,1709538,1787618,2017
343,Malik Beasley,1700640,1778314,2017
344,Ante Zizic,1645200,1720342,2017
345,Delon Wright,1645200,1720342,2017
346,OG Anunoby,1645200,1720342,2017
347,Caris LeVert,1632480,1707041,2017
348,Mike Dunleavy,1600000,1673077,2017
349,Timothe Luwawu,1594590,1667420,2017
350,Tyler Lydon,1579440,1651578,2017
351,Justin Anderson,1579440,1651578,2017
352,Ian Clark,1577230,1649267,2017
353,DeAndre Bembry,1567200,1638779,2017
354,Shane Larkin,1524305,1593925,2017
355,Joe Harris,1524305,1593925,2017
356,Spencer Dinwiddie,1524305,1593925,2017
357,Julyan Stone,1524305,1593925,2017
358,Glenn Robinson III,1524305,1593925,2017
359,Tyler Ennis,1524305,1593925,2017
360,Johnny O'Bryant,1524305,1593925,2017
361,Jerami Grant,1524305,1593925,2017
362,Joffrey Lauvergne,1524305,1593925,2017
363,Bobby Portis,1516320,1585575,2017
364,DeAndre Liggins,1505942,1574723,2017
365,Malachi Richardson,1504560,1573278,2017
366,Tony Allen,1471382,1538585,2017
367,Willie Reed,1471382,1538585,2017
368,Larry Nance Jr,1471382,1538585,2017
369,Salah Mejri,1471382,1538585,2017
370,Nikola Jokic,1471382,1538585,2017
371,Kevon Looney,1471382,1538585,2017
372,Joseph Young,1471382,1538585,2017
373,Montrezl Harrell,1471382,1538585,2017
374,Jarell Martin,1471382,1538585,2017
375,Josh Richardson,1471382,1538585,2017
376,Jordan Mickey,1471382,1538585,2017
377,Tyus Jones,1471382,1538585,2017
378,Josh Huestis,1471382,1538585,2017
379,Richaun Holmes,1471382,1538585,2017
380,TJ McConnell,1471382,1538585,2017
381,Pat Connaughton,1471382,1538585,2017
382,Norman Powell,1471382,1538585,2017
383,Raul Neto,1471382,1538585,2017
384,Chris McCullough,1471382,1538585,2017
385,Furkan Korkmaz,1465920,1532873,2017
386,Caleb Swanigan,1465920,1532873,2017
387,Okaro White,1460927,1527652,2017
388,Rondae Hollis-Jefferson,1455720,1522208,2017
389,Willy Hernangomez,1435750,1501326,2017
390,Kyle Kuzma,1423560,1488579,2017
391,Tony Bradley,1414920,1479544,2017
392,Derrick White,1404600,1468753,2017
393,Josh Hart,1394520,1458212,2017
394,Gerald Green,1381403,1444496,2017
395,Brice Johnson,1331160,1391958,2017
396,Diamond Stone,1312611,1372562,2017
397,Isaiah Taylor,1312611,1372562,2017
398,Sheldon Mac,1312611,1372562,2017
399,Isaiah Whitehead,1312611,1372562,2017
400,Treveon Graham,1312611,1372562,2017
401,Paul Zipser,1312611,1372562,2017
402,David Nwaba,1312611,1372562,2017
403,Dorian Finney-Smith,1312611,1372562,2017
404,Yogi Ferrell,1312611,1372562,2017
405,Patrick McCaw,1312611,1372562,2017
406,Damian Jones,1312611,1372562,2017
407,Chinanu Onuaku,1312611,1372562,2017
408,Ivica Zubac,1312611,1372562,2017
409,Deyonta Davis,1312611,1372562,2017
410,Andrew Harrison,1312611,1372562,2017
411,Wayne Selden,1312611,1372562,2017
412,Rodney McGruder,1312611,1372562,2017
413,AJ Hammons,1312611,1372562,2017
414,Malcolm Brogdon,1312611,1372562,2017
415,Marcus Georges-Hunt,1312611,1372562,2017
416,Cheick Diallo,1312611,1372562,2017
417,Chasson Randle,1312611,1372562,2017
418,Tyler Ulis,1312611,1372562,2017
419,Jake Layman,1312611,1372562,2017
420,Skal Labissiere,1312611,1372562,2017
421,Dejounte Murray,1312611,1372562,2017
422,Bryn Forbes,1312611,1372562,2017
423,Davis Bertans,1312611,1372562,2017
424,Pascal Siakam,1312611,1372562,2017
425,Fred VanVleet,1312611,1372562,2017
426,Semi Ojeleye,1291892,1350897,2017
427,Livio Jean-Charles,1242240,1298977,2017
428,Bobby Brown,1231500,1287747,2017
429,Frank Mason,1184385,1238480,2017
430,Abdel Nader,1167333,1220649,2017
431,Isaiah Canaan,1113863,1164736,2017
432,Damyean Dotson,1100000,1150241,2017
433,Andrew Bogut,1078810,1128083,2017
434,Wesley Iwundu,1050000,1097957,2017
435,Gerald Henderson,1000000,1045673,2017
436,Festus Ezeli,1000000,1045673,2017
437,Justin Hamilton,1000000,1045673,2017
438,Damien Wilkins,992696,1038036,2017
439,Ike Anigbogu,950000,993390,2017
440,Rade Zagorac,950000,993390,2017
441,Ivan Rabb,950000,993390,2017
442,Jason Thompson,893333,934134,2017
443,Tyler Dorsey,815615,852867,2017
444,Daniel Theis,815615,852867,2017
445,Dwayne Bacon,815615,852867,2017
446,Maxi Kleber,815615,852867,2017
447,Jordan Bell,815615,852867,2017
448,Zhou Qi,815615,852867,2017
449,Jawun Evans,815615,852867,2017
450,Sindarius Thornwell,815615,852867,2017
451,Thomas Bryant,815615,852867,2017
452,Dillon Brooks,815615,852867,2017
453,Sterling Brown,815615,852867,2017
454,Frank Jackson,815615,852867,2017
455,Dakari Johnson,815615,852867,2017
456,Khem Birch,815615,852867,2017
457,Davon Reed,815615,852867,2017
458,Brandon Paul,815615,852867,2017
459,Alfonzo McKinnie,815615,852867,2017
460,Royce O'Neale,815615,852867,2017
461,Emeka Okafor,813293,850439,2017
462,Trey Burke,784160,819975,2017
463,Alex Poythress,778668,814232,2017
464,Dwight Buycks,748160,782331,2017
465,Joel Bolomboy,708200,740546,2017
466,Kyle Collinsworth,595702,622909,2017
467,Jeff Withey,593780,620900,2017
468,Kay Felder,551866,577071,2017
469,Michael Gbinije,500000,522836,2017
470,Leandro Barbosa,500000,522836,2017
471,Derrick Jones,462875,484015,2017
472,Nicolas Brussino,393041,410992,2017
473,Antonius Cleveland,384116,401659,2017
474,Brandon Jennings,380830,398223,2017
475,CJ Watson,333333,348557,2017
476,Demetrius Jackson,319266,333847,2017
477,Travis Wear,304051,317938,2017
478,Cameron Oliver,300000,313702,2017
479,Shaquille Harrison,230399,240922,2017
480,Larry Drew II,222474,232635,2017
481,Jaylen Morris,198143,207192,2017
482,Nigel Hayes,193532,202370,2017
483,David Stockton,192812,201618,2017
484,Quinn Cook,189832,198501,2017
485,Georges Niang,177250,185345,2017
486,Aaron Harrison,174570,182543,2017
487,Omari Johnson,170495,178282,2017
488,Naz Long,167158,174792,2017
489,Jarell Eddie,166256,173848,2017
490,Rodney Purvis,165887,173463,2017
491,Mike James,164802,172328,2017
492,Briante Weber,160378,167702,2017
493,Marquis Teague,157944,165157,2017
494,Gary Payton II,154500,161556,2017
495,Jeremy Evans,154059,161095,2017
496,Carrick Felix,140901,147336,2017
497,Damion Lee,138239,144552,2017
498,Kendrick Perkins,131562,137570,2017
499,Milton Doyle,127250,133061,2017
500,Brandon Rush,119601,125063,2017
501,Ty Lawson,119009,124444,2017
502,Derrick Williams,104059,108811,2017
503,KJ McDaniels,100000,104567,2017
504,Tim Quarterman,96406,100809,2017
505,Walter Lemon Jr,92159,96368,2017
506,Josh Gray,92159,96368,2017
507,Jaylen Johnson,87551,91549,2017
508,MarShon Brooks,86118,90051,2017
509,CJ Fair,82943,86731,2017
510,Josh Magette,77250,80778,2017
511,Tyler Cavanaugh,77250,80778,2017
512,Andrew White,77250,80778,2017
513,Kadeem Allen,77250,80778,2017
514,Jabari Bird,77250,80778,2017
515,Yakuba Ouattara,77250,80778,2017
516,Jacob Wiley,77250,80778,2017
517,James Webb,77250,80778,2017
518,Mangok Mathiang,77250,80778,2017
519,Marcus Paige,77250,80778,2017
520,Antonio Blakeney,77250,80778,2017
521,Ryan Arcidiacono,77250,80778,2017
522,John Holland,77250,80778,2017
523,London Perrantes,77250,80778,2017
524,Johnathan Motley,77250,80778,2017
525,Gian Clavell,77250,80778,2017
526,Jalen Jones,77250,80778,2017
527,Torrey Craig,77250,80778,2017
528,Monte Morris,77250,80778,2017
529,Luis Montero,77250,80778,2017
530,Reggie Hearn,77250,80778,2017
531,Chris Boucher,77250,80778,2017
532,RJ Hunter,77250,80778,2017
533,Markel Brown,77250,80778,2017
534,Edmond Sumner,77250,80778,2017
535,Ben Moore,77250,80778,2017
536,Jamil Wilson,77250,80778,2017
537,CJ Williams,77250,80778,2017
538,Tyrone Wallace,77250,80778,2017
539,Alex Caruso,77250,80778,2017
540,Vander Blue,77250,80778,2017
541,Kobi Simmons,77250,80778,2017
542,Vince Hunter,77250,80778,2017
543,Myke Henry,77250,80778,2017
544,Matt Williams,77250,80778,2017
545,Derrick Walton,77250,80778,2017
546,Xavier Munford,77250,80778,2017
547,Marshall Plumlee,77250,80778,2017
548,Anthony Brown,77250,80778,2017
549,Amile Jefferson,77250,80778,2017
550,Charles Cooke,77250,80778,2017
551,Luke Kornet,77250,80778,2017
552,Isaiah Hicks,77250,80778,2017
553,Daniel Hamilton,77250,80778,2017
554,PJ Dozier,77250,80778,2017
555,Adreian Payne,77250,80778,2017
556,Jamel Artis,77250,80778,2017
557,James Michael McAdoo,77250,80778,2017
558,Jacob Pullen,77250,80778,2017
559,James Young,77250,80778,2017
560,Alec Peters,77250,80778,2017
561,Danuel House,77250,80778,2017
562,CJ Wilcox,77250,80778,2017
563,JaKarr Sampson,77250,80778,2017
564,Jack Cooley,77250,80778,2017
565,Darrun Hilliard,77250,80778,2017
566,Matt Costello,77250,80778,2017
567,Malcolm Miller,77250,80778,2017
568,Lorenzo Brown,77250,80778,2017
569,Eric Griffin,77250,80778,2017
570,Nate Wolters,77250,80778,2017
571,Erik McCree,77250,80778,2017
572,Michael Young,77250,80778,2017
573,Devin Robinson,77250,80778,2017
574,Xavier Silas,74158,77545,2017
575,Jonathan Gibson,74158,77545,2017
576,Scotty Hopson,74158,77545,2017
577,Landry Nnoko,50000,52283,2017
578,VJ Beachem,50000,52283,2017
579,Bronson Koenig,50000,52283,2017
580,Daniel Ochefu,50000,52283,2017
581,Marcus Thornton II,46079,48183,2017
582,Jameel Warney,46079,48183,2017
583,Aaron Jackson,46079,48183,2017
584,Trey McKinney-Jones,46079,48183,2017
585,Andre Ingram,46079,48183,2017
0,Stephen Curry,37457154,38074629,2018
1,Russell Westbrook,35665000,36252932,2018
2,Chris Paul,35654150,36241903,2018
3,LeBron James,35654150,36241903,2018
4,Kyle Lowry,32700000,33239054,2018
5,Blake Griffin,31873932,32399368,2018
6,Gordon Hayward,31214295,31728857,2018
7,James Harden,30570000,31073941,2018
8,Paul George,30560700,31064488,2018
9,Mike Conley,30521115,31024250,2018
10,Kevin Durant,30000000,30494545,2018
11,Paul Millsap,29230769,29712633,2018
12,Al Horford,28928710,29405595,2018
13,Damian Lillard,27977689,28438896,2018
14,DeMar DeRozan,27739975,28197264,2018
15,Chris Bosh,26837720,27280135,2018
16,Jrue Holiday,26641111,27080285,2018
17,Otto Porter,26011913,26440715,2018
18,CJ McCollum,25759766,26184411,2018
19,Nikola Jokic,25467250,25887073,2018
20,Andrew Wiggins,25467250,25887073,2018
21,Joel Embiid,25467250,25887073,2018
22,Anthony Davis,25434263,25853542,2018
23,Andre Drummond,25434262,25853541,2018
24,Bradley Beal,25434262,25853541,2018
25,Hassan Whiteside,24434262,24837057,2018
26,Dwight Howard,24256725,24656592,2018
27,Giannis Antetokounmpo,24157304,24555533,2018
28,Steven Adams,24157304,24555533,2018
29,Kevin Love,24119025,24516623,2018
30,Marc Gasol,24119025,24516623,2018
31,Chandler Parsons,24107258,24504662,2018
32,Harrison Barnes,24107258,24504662,2018
33,Nicolas Batum,24000000,24395636,2018
34,Rudy Gobert,23491573,23878827,2018
35,Kawhi Leonard,23114066,23495097,2018
36,DeAndre Jordan,22897200,23274656,2018
37,LaMarcus Aldridge,22347015,22715402,2018
38,Serge Ibaka,21666667,22023838,2018
39,Aaron Gordon,21590909,21946831,2018
40,Danilo Gallinari,21587579,21943446,2018
41,Victor Oladipo,21000000,21346181,2018
42,Ryan Anderson,20421546,20758192,2018
43,Joakim Noah,20261172,20595174,2018
44,Kyrie Irving,20099189,20430521,2018
45,Jabari Parker,20000000,20329696,2018
46,Jimmy Butler,19841627,20168713,2018
47,Zach LaVine,19500000,19821454,2018
48,Wesley Matthews,19360228,19679378,2018
49,Allen Crabbe,19332500,19651193,2018
50,Enes Kanter,19264603,19582176,2018
51,Tyler Johnson,19245370,19562626,2018
52,John Wall,19169800,19485811,2018
53,George Hill,19000000,19313212,2018
54,Jeff Teague,19000000,19313212,2018
55,Klay Thompson,18988725,19301751,2018
56,Goran Dragic,18109175,18407701,2018
57,Kent Bazemore,18089888,18388097,2018
58,Evan Turner,17868853,18163418,2018
59,Tristan Thompson,17469565,17757548,2018
60,Draymond Green,17469565,17757548,2018
61,Tim Hardaway Jr,17325000,17610599,2018
62,Pau Gasol,17133285,17415724,2018
63,Reggie Jackson,17043478,17324437,2018
64,Bismack Biyombo,17000000,17280242,2018
65,Evan Fournier,17000000,17280242,2018
66,Derrick Favors,16900000,17178593,2018
67,Luol Deng,16747954,17024040,2018
68,Jonas Valanciunas,16539326,16811974,2018
69,Gary Harris,16517857,16790151,2018
70,Andre Iguodala,16000000,16263757,2018
71,Timofey Mozgov,16000000,16263757,2018
72,Ian Mahinmi,16000000,16263757,2018
73,Clint Capela,15793104,16053450,2018
74,Dennis Schroeder,15500000,15755515,2018
75,DeMarre Carroll,15400000,15653866,2018
76,Gorgui Dieng,15170787,15420875,2018
77,Eric Bledsoe,15000000,15247272,2018
78,Trevor Ariza,15000000,15247272,2018
79,Tobias Harris,14800000,15043975,2018
80,Ricky Rubio,14800000,15043975,2018
81,JR Smith,14720000,14962656,2018
82,Brandon Knight,14631250,14872443,2018
83,James Johnson,14420700,14658423,2018
84,Robin Lopez,14357750,14594435,2018
85,Kenneth Faried,14242782,14477571,2018
86,Marvin Williams,14087500,14319730,2018
87,Taj Gibson,14000000,14230787,2018
88,Thaddeus Young,13764045,13990943,2018
89,Tyson Chandler,13585000,13808945,2018
90,Marcin Gortat,13565218,13788838,2018
91,Kelly Olynyk,13537527,13760691,2018
92,Cody Zeller,13528090,13751098,2018
93,Eric Gordon,13500375,13722926,2018
94,Austin Rivers,13155324,13372187,2018
95,Michael Kidd-Gilchrist,13000000,13214303,2018
96,Khris Middleton,13000000,13214303,2018
97,Mason Plumlee,12917808,13130756,2018
98,Wilson Chandler,12800562,13011577,2018
99,Solomon Hill,12763467,12973870,2018
100,Nikola Vucevic,12750000,12960181,2018
101,Dion Waiters,12705000,12914439,2018
102,Joe Ingles,12545455,12752264,2018
103,Jeremy Lin,12516746,12723081,2018
104,Jordan Clarkson,12500000,12706060,2018
105,Nikola Mirotic,12500000,12706060,2018
106,Miles Plumlee,12400000,12604412,2018
107,Tyreke Evans,12400000,12604412,2018
108,Courtney Lee,12253780,12455781,2018
109,JJ Redick,12250000,12451939,2018
110,Kemba Walker,12000000,12197818,2018
111,Kentavious Caldwell-Pope,12000000,12197818,2018
112,Avery Bradley,12000000,12197818,2018
113,Will Barton,11830358,12025379,2018
114,TJ Warren,11750000,11943696,2018
115,Zach Randolph,11692308,11885053,2018
116,Patrick Mills,11571429,11762182,2018
117,Alec Burks,11536515,11726692,2018
118,Omer Asik,11286516,11472572,2018
119,Marcus Smart,11160716,11344698,2018
120,Jusuf Nurkic,11111111,11294275,2018
121,Iman Shumpert,11011234,11192752,2018
122,Moe Harkless,10837079,11015726,2018
123,Tony Snell,10607143,10782000,2018
124,Dante Exum,10600000,10774739,2018
125,Meyers Leonard,10595506,10770171,2018
126,John Henson,10577466,10751833,2018
127,Bojan Bogdanovic,10500000,10673090,2018
128,Mirza Teletovic,10500000,10673090,2018
129,Terrence Ross,10500000,10673090,2018
130,Robert Covington,10464092,10636590,2018
131,Rudy Gay,10087200,10253485,2018
132,Jon Leuer,10002681,10167573,2018
133,Darren Collison,10000000,10164848,2018
134,Andre Roberson,10000000,10164848,2018
135,Danny Green,10000000,10164848,2018
136,Dwight Powell,9631250,9790019,2018
137,Matthew Dellavedova,9607500,9765878,2018
138,Jared Dudley,9530000,9687100,2018
139,Boban Marjanovic,9490740,9647193,2018
140,Josh Richardson,9367200,9521616,2018
141,Norman Powell,9367200,9521616,2018
142,Markieff Morris,9173294,9324513,2018
143,Rajon Rondo,9000000,9148363,2018
144,Bogdan Bogdanovic,9000000,9148363,2018
145,E'Twaun Moore,8808685,8953894,2018
146,Kosta Koufos,8739500,8883569,2018
147,Fred VanVleet,8653847,8796504,2018
148,Wayne Ellington,8653076,8795719,2018
149,Kyle Anderson,8641000,8783445,2018
150,Julius Randle,8641000,8783445,2018
151,Jerryd Bayless,8575916,8717288,2018
152,Cristiano Felicio,8470980,8610622,2018
153,Markelle Fultz,8339880,8477361,2018
154,Joe Harris,8333333,8470706,2018
155,CJ Miles,8333333,8470706,2018
156,Jerami Grant,8333333,8470706,2018
157,Shaun Livingston,8307692,8444643,2018
158,Deandre Ayton,8175840,8310617,2018
159,JaMychal Green,8066667,8199644,2018
160,Louis Williams,8000000,8131878,2018
161,Garrett Temple,8000000,8131878,2018
162,PJ Tucker,7959537,8090748,2018
163,Cory Joseph,7945000,8075972,2018
164,Karl-Anthony Towns,7839435,7968666,2018
165,Kyle Korver,7560000,7684625,2018
166,Darrell Arthur,7464912,7587969,2018
167,Lonzo Ball,7461960,7584969,2018
168,Doug McDermott,7333334,7454222,2018
169,Marvin Bagley,7314960,7435545,2018
170,Jae Crowder,7305825,7426260,2018
171,DJ Augustin,7250000,7369515,2018
172,Lance Thomas,7119650,7237016,2018
173,D'Angelo Russell,7019698,7135416,2018
174,Jeremy Lamb,7000000,7115393,2018
175,Langston Galloway,7000000,7115393,2018
176,Ersan Ilyasova,7000000,7115393,2018
177,Davis Bertans,7000000,7115393,2018
178,Al-Farouq Aminu,6957105,7071791,2018
179,Jayson Tatum,6700800,6811261,2018
180,Luka Doncic,6569040,6677329,2018
181,Mario Hezonja,6500000,6607151,2018
182,Nemanja Bjelica,6500000,6607151,2018
183,Ben Simmons,6434520,6540592,2018
184,Dewayne Dedmon,6300000,6403854,2018
185,Milos Teodosic,6300000,6403854,2018
186,Marco Belinelli,6153846,6255291,2018
187,Wesley Johnson,6134000,6235118,2018
188,Josh Jackson,6041520,6141113,2018
189,Ishmael Smith,6000000,6098909,2018
190,Montrezl Harrell,6000000,6098909,2018
191,Jonathon Simmons,6000000,6098909,2018
192,Jaren Jackson,5922720,6020355,2018
193,Brandon Ingram,5757120,5852025,2018
194,Anthony Tolliver,5750000,5844787,2018
195,Kristaps Porzingis,5697054,5790969,2018
196,Deron Williams,5474787,5565038,2018
197,De'Aaron Fox,5470920,5561107,2018
198,Ben McLemore,5460000,5550007,2018
199,Patrick Patterson,5451600,5541468,2018
200,Jason Smith,5450000,5539842,2018
201,Marcus Morris,5375000,5463606,2018
202,Trae Young,5363280,5451692,2018
203,DeMarcus Cousins,5337000,5424979,2018
204,Josh Smith,5331729,5419621,2018
205,Alexis Ajinca,5285394,5372522,2018
206,Thabo Sefolosha,5250000,5336545,2018
207,Aron Baynes,5193600,5279215,2018
208,Jaylen Brown,5169960,5255185,2018
209,Patrick Beverley,5027028,5109897,2018
210,Tony Parker,5000000,5082424,2018
211,Dirk Nowitzki,5000000,5082424,2018
212,Mike Muscala,5000000,5082424,2018
213,Jonathan Isaac,4969080,5050994,2018
214,Mo Bamba,4871280,4951582,2018
215,Jamal Crawford,4698113,4775559,2018
216,Ron Baker,4697823,4775265,2018
217,Willie Cauley-Stein,4696874,4774301,2018
218,Dragan Bender,4661280,4738120,2018
219,Lauri Markkanen,4536120,4610897,2018
220,Justin Holiday,4500000,4574181,2018
221,Ed Davis,4449000,4522341,2018
222,Kyle O'Quinn,4449000,4522341,2018
223,Lance Stephenson,4449000,4522341,2018
224,Wendell Carter,4446840,4520145,2018
225,Alex Len,4350000,4421709,2018
226,Luc Mbah a Moute,4320500,4391722,2018
227,Mike Scott,4320500,4391722,2018
228,Emmanuel Mudiay,4294479,4365272,2018
229,Kris Dunn,4221000,4290582,2018
230,Frank Ntilikina,4155720,4224226,2018
231,Glenn Robinson III,4075000,4142175,2018
232,Collin Sexton,4073760,4140915,2018
233,Al Jefferson,4000000,4065939,2018
234,Stanley Johnson,3940401,4005357,2018
235,Buddy Hield,3833760,3896958,2018
236,Dennis Smith,3819960,3882931,2018
237,Jodie Meeks,3774176,3836391,2018
238,Kevin Knox,3744840,3806573,2018
239,Jose Juan Barea,3710850,3772022,2018
240,Alex Abrines,3667645,3728105,2018
241,Nenê,3651480,3711674,2018
242,Zach Collins,3628920,3688742,2018
243,Frank Kaminsky,3627842,3687646,2018
244,Mikal Bridges,3557400,3616043,2018
245,Michael Beasley,3500000,3557696,2018
246,Jamal Murray,3499800,3557493,2018
247,Rodney Hood,3472887,3530137,2018
248,Justise Winslow,3448926,3505781,2018
249,Malik Monk,3447480,3504311,2018
250,Cameron Payne,3440356,3497068,2018
251,Brook Lopez,3382000,3437751,2018
252,Allonzo Trier,3382000,3437751,2018
253,Shai Gilgeous-Alexander,3375360,3431002,2018
254,Trey Lyles,3364249,3419708,2018
255,Ekpe Udoh,3360000,3415389,2018
256,Devin Booker,3314365,3369001,2018
257,Myles Turner,3294994,3349311,2018
258,Luke Kennard,3275280,3329272,2018
259,Troy Daniels,3258539,3312255,2018
260,Kelly Oubre,3208630,3261523,2018
261,Miles Bridges,3206640,3259500,2018
262,Marquese Chriss,3206160,3259013,2018
263,Tomas Satoransky,3129187,3180771,2018
264,Bryn Forbes,3125000,3176515,2018
265,Donovan Mitchell,3111480,3162772,2018
266,Terry Rozier,3050389,3100674,2018
267,Jerome Robinson,3050160,3100441,2018
268,Elfrid Payton,3000000,3049454,2018
269,Yogi Ferrell,3000000,3049454,2018
270,Bam Adebayo,2955840,3004566,2018
271,Jakob Poeltl,2947320,2995906,2018
272,Michael Porter,2894160,2941869,2018
273,Andrew Nicholson,2844429,2891318,2018
274,Justin Jackson,2807880,2854167,2018
275,Thon Maker,2799720,2845872,2018
276,Seth Curry,2795000,2841075,2018
277,Cedi Osman,2775000,2820745,2018
278,Sam Dekker,2760094,2805593,2018
279,Troy Brown,2752680,2798057,2018
280,Guerschon Yabusele,2667600,2711574,2018
281,Justin Patton,2667600,2711574,2018
282,Domantas Sabonis,2659800,2703646,2018
283,Jerian Grant,2639313,2682821,2018
284,Zhaire Smith,2615160,2658270,2018
285,Corey Brewer,2559925,2602124,2018
286,Delon Wright,2536898,2578718,2018
287,DJ Wilson,2534280,2576057,2018
288,Taurean Prince,2526840,2568494,2018
289,Dario Saric,2526840,2568494,2018
290,Justin Anderson,2516047,2557523,2018
291,Shelvin Mack,2512601,2554019,2018
292,Reggie Bullock,2500000,2541212,2018
293,Manu Ginobili,2500000,2541212,2018
294,Bobby Portis,2494346,2535464,2018
295,Dante Cunningham,2487000,2527997,2018
296,Donte DiVincenzo,2484360,2525314,2018
297,Rondae Hollis-Jefferson,2470356,2511079,2018
298,Tyus Jones,2444052,2484341,2018
299,Jarell Martin,2416221,2456052,2018
300,Greg Monroe,2410167,2449896,2018
301,TJ Leaf,2407560,2447248,2018
302,Georgios Papagiannis,2400480,2440051,2018
303,Vince Carter,2393887,2433349,2018
304,Carmelo Anthony,2393887,2433349,2018
305,Channing Frye,2393887,2433349,2018
306,Devin Harris,2393887,2433349,2018
307,Jose Calderon,2393887,2433349,2018
308,Zaza Pachulia,2393887,2433349,2018
309,JaVale McGee,2393887,2433349,2018
310,Udonis Haslem,2393887,2433349,2018
311,Dwyane Wade,2393887,2433349,2018
312,Raymond Felton,2393887,2433349,2018
313,Amir Johnson,2393887,2433349,2018
314,Jeff Green,2393887,2433349,2018
315,Lonnie Walker,2360160,2399066,2018
316,John Collins,2299080,2336979,2018
317,Denzel Valentine,2280600,2318195,2018
318,Larry Nance Jr,2272390,2309850,2018
319,Kevin Huerter,2250960,2288066,2018
320,Monta Ellis,2245400,2282415,2018
321,Harry Giles,2207040,2243422,2018
322,Darius Miller,2205000,2241349,2018
323,Henry Ellenson,2199311,2235566,2018
324,Omri Casspi,2176260,2212135,2018
325,Derrick Rose,2176260,2212135,2018
326,Juan Hernangomez,2166360,2202072,2018
327,Jonas Jerebko,2165481,2201178,2018
328,Quincy Pondexter,2165481,2201178,2018
329,Josh Okogie,2163600,2199266,2018
330,Nik Stauskas,2161886,2197523,2018
331,Terrance Ferguson,2118840,2153768,2018
332,Raul Neto,2100000,2134618,2018
333,Salah Mejri,2098196,2132784,2018
334,Grayson Allen,2076960,2111198,2018
335,Jarrett Allen,2034120,2067652,2018
336,Isaiah Thomas,2029463,2062918,2018
337,Spencer Hawes,2007058,2040144,2018
338,Torrey Craig,2000000,2032969,2018
339,Cole Aldrich,2000000,2032969,2018
340,Chandler Hutchison,1991520,2024349,2018
341,Ante Zizic,1952760,1984950,2018
342,OG Anunoby,1952760,1984950,2018
343,Shabazz Napier,1942422,1974442,2018
344,Aaron Holiday,1914480,1946039,2018
345,Timothe Luwawu,1880268,1911263,2018
346,Tyler Lydon,1874640,1905543,2018
347,Anfernee Simons,1837800,1868095,2018
348,Tim Frazier,1832107,1862308,2018
349,Trey Burke,1795015,1824605,2018
350,Malik Beasley,1773840,1803081,2018
351,Moritz Wagner,1764240,1793323,2018
352,Ian Clark,1757429,1786399,2018
353,Nerlens Noel,1757429,1786399,2018
354,Deyonta Davis,1741503,1770211,2018
355,Furkan Korkmaz,1740000,1768683,2018
356,Caleb Swanigan,1740000,1768683,2018
357,Landry Shamet,1705920,1734041,2018
358,Caris LeVert,1702800,1730870,2018
359,Rodions Kurucs,1690000,1717859,2018
360,Jonah Bolden,1690000,1717859,2018
361,Kyle Kuzma,1689840,1717696,2018
362,Tony Bradley,1679520,1707206,2018
363,Derrick White,1667160,1694642,2018
364,Kyle Singler,1665333,1692785,2018
365,Robert Williams,1656600,1683908,2018
366,Spencer Dinwiddie,1656092,1683392,2018
367,MarShon Brooks,1656092,1683392,2018
368,Josh Hart,1655160,1682445,2018
369,Jacob Evans,1646400,1673540,2018
370,Pat Connaughton,1641000,1668051,2018
371,DeAndre Bembry,1634640,1661586,2018
372,Dzanan Musa,1634400,1661342,2018
373,Omari Spellman,1622520,1649266,2018
374,Noah Vonleh,1621415,1648143,2018
375,James Ennis,1621415,1648143,2018
376,Luke Kornet,1619260,1645953,2018
377,TJ McConnell,1600520,1626904,2018
378,Richaun Holmes,1600520,1626904,2018
379,Malachi Richardson,1569360,1595230,2018
380,Kevon Looney,1567007,1592838,2018
381,Jahlil Okafor,1567007,1592838,2018
382,Wayne Selden,1544951,1570419,2018
383,Dorian Finney-Smith,1544951,1570419,2018
384,Damian Jones,1544951,1570419,2018
385,Quinn Cook,1544951,1570419,2018
386,Wade Baldwin,1544951,1570419,2018
387,Ivica Zubac,1544951,1570419,2018
388,Rodney McGruder,1544951,1570419,2018
389,Malcolm Brogdon,1544951,1570419,2018
390,Cheick Diallo,1544951,1570419,2018
391,Jake Layman,1544951,1570419,2018
392,Skal Labissiere,1544951,1570419,2018
393,Dejounte Murray,1544951,1570419,2018
394,Pascal Siakam,1544951,1570419,2018
395,Treveon Graham,1512601,1537535,2018
396,David Nwaba,1512601,1537535,2018
397,Gerald Green,1512601,1537535,2018
398,Derrick Jones,1512601,1537535,2018
399,Christian Wood,1512601,1537535,2018
400,Georges Niang,1512601,1537535,2018
401,Willy Hernangomez,1496500,1521169,2018
402,Sviatoslav Mykhailiuk,1487694,1512218,2018
403,Mitchell Robinson,1485440,1509927,2018
404,Michael Carter-Williams,1468082,1492281,2018
405,Jawun Evans,1455492,1479485,2018
406,Semi Ojeleye,1378242,1400962,2018
407,Daniel Theis,1378242,1400962,2018
408,Dwayne Bacon,1378242,1400962,2018
409,Maxi Kleber,1378242,1400962,2018
410,Jordan Bell,1378242,1400962,2018
411,Zhou Qi,1378242,1400962,2018
412,Sindarius Thornwell,1378242,1400962,2018
413,Rade Zagorac,1378242,1400962,2018
414,Dillon Brooks,1378242,1400962,2018
415,Ivan Rabb,1378242,1400962,2018
416,Dakari Johnson,1378242,1400962,2018
417,Tyler Dorsey,1378242,1400962,2018
418,Sterling Brown,1378242,1400962,2018
419,Frank Jackson,1378242,1400962,2018
420,Damyean Dotson,1378242,1400962,2018
421,Abdel Nader,1378242,1400962,2018
422,Wesley Iwundu,1378242,1400962,2018
423,Khem Birch,1378242,1400962,2018
424,Frank Mason,1378242,1400962,2018
425,Royce O'Neale,1378242,1400962,2018
426,Thomas Bryant,1378242,1400962,2018
427,Daniel Hamilton,1349383,1371627,2018
428,Jabari Bird,1349383,1371627,2018
429,Antonio Blakeney,1349383,1371627,2018
430,Ryan Arcidiacono,1349383,1371627,2018
431,Monte Morris,1349383,1371627,2018
432,Alfonzo McKinnie,1349383,1371627,2018
433,Ike Anigbogu,1349383,1371627,2018
434,Tyrone Wallace,1349383,1371627,2018
435,Shaquille Harrison,1325531,1347381,2018
436,Elie Okobo,1238464,1258879,2018
437,Jalen Brunson,1230000,1250276,2018
438,Melvin Frazier,1050000,1067309,2018
439,Raymond Spalding,1023210,1040076,2018
440,Isaac Bonga,1000000,1016484,2018
441,Justin Hamilton,1000000,1016484,2018
442,Devonte Graham,988464,1004758,2018
443,Chasson Randle,975824,991910,2018
444,Patrick McCaw,964104,979996,2018
445,De'Anthony Melton,949000,964644,2018
446,Jason Thompson,893333,908059,2018
447,Brad Wanamaker,838464,852285,2018
448,Ryan Broekhoff,838464,852285,2018
449,Jarred Vanderbilt,838464,852285,2018
450,Bruce Brown,838464,852285,2018
451,Khyri Thomas,838464,852285,2018
452,Isaiah Hartenstein,838464,852285,2018
453,Alize Johnson,838464,852285,2018
454,Jevon Carter,838464,852285,2018
455,Keita Bates-Diop,838464,852285,2018
456,Kenrich Williams,838464,852285,2018
457,Hamidou Diallo,838464,852285,2018
458,Isaiah Briscoe,838464,852285,2018
459,Gary Trent Jr,838464,852285,2018
460,Chimezie Metu,838464,852285,2018
461,Lorenzo Brown,800000,813187,2018
462,Davon Reed,752250,764650,2018
463,Isaiah Canaan,744671,756945,2018
464,Isaiah Whitehead,726390,738364,2018
465,Bruno Caboclo,705361,716988,2018
466,Gary Clark,674122,685234,2018
467,James Nunnally,663255,674187,2018
468,Kalin Lucas,648008,658690,2018
469,John Jenkins,585809,595465,2018
470,Deonte Burton,500000,508242,2018
471,Andrew Bogut,486892,494918,2018
472,Chris Boucher,457418,464958,2018
473,Malcolm Miller,457418,464958,2018
474,Edmond Sumner,449794,457208,2018
475,Yante Maten,385000,391346,2018
476,Andrew Harrison,354500,360342,2018
477,Eric Moreland,309859,314966,2018
478,Nick Young,284020,288702,2018
479,Danuel House,247827,251912,2018
480,Okaro White,247827,251912,2018
481,Jaylen Adams,236854,240758,2018
482,Ben Moore,222099,225759,2018
483,Tyler Zeller,213948,217474,2018
484,Quincy Acy,213948,217474,2018
485,Terrence Jones,198579,201852,2018
486,Jimmer Fredette,198579,201852,2018
487,Dairis Bertans,194220,197421,2018
488,Walter Lemon Jr,176250,179154,2018
489,Demetrius Jackson,170107,172910,2018
490,BJ Johnson,142111,144452,2018
491,Chris Chiozza,137374,139638,2018
492,Johnathan Williams,127250,129347,2018
493,Cam Reynolds,108953,110749,2018
494,Donatas Motiejunas,99289,100925,2018
495,Emanuel Terry,94740,96300,2018
496,Justin Bibbs,92159,93678,2018
497,JaKarr Sampson,85457,86865,2018
498,Gary Payton II,85457,86865,2018
499,Alex Poythress,77250,78523,2018
500,PJ Dozier,77250,78523,2018
501,RJ Hunter,77250,78523,2018
502,Theo Pinson,77250,78523,2018
503,Alan Williams,77250,78523,2018
504,JP Macura,77250,78523,2018
505,Joe Chealey,77250,78523,2018
506,Rawle Alkins,77250,78523,2018
507,Tyler Ulis,77250,78523,2018
508,Brandon Sampson,77250,78523,2018
509,John Holland,77250,78523,2018
510,Billy Preston,77250,78523,2018
511,Jaron Blossomgame,77250,78523,2018
512,Jalen Jones,77250,78523,2018
513,Deng Adel,77250,78523,2018
514,Kostas Antetokounmpo,77250,78523,2018
515,Daryl Macon,77250,78523,2018
516,Thomas Welsh,77250,78523,2018
517,DeVaughn Akoon-Purcell,77250,78523,2018
518,Archie Goodwin,77250,78523,2018
519,Keenan Evans,77250,78523,2018
520,Zach Lofton,77250,78523,2018
521,Damion Lee,77250,78523,2018
522,Marcus Derrickson,77250,78523,2018
523,Vincent Edwards,77250,78523,2018
524,Trevon Duval,77250,78523,2018
525,Angel Delgado,77250,78523,2018
526,Johnathan Motley,77250,78523,2018
527,Alex Caruso,77250,78523,2018
528,Yuta Watanabe,77250,78523,2018
529,DJ Stephens,77250,78523,2018
530,Jarnell Stokes,77250,78523,2018
531,Julian Washburn,77250,78523,2018
532,Duncan Robinson,77250,78523,2018
533,Jaylen Morris,77250,78523,2018
534,Bonzie Colson,77250,78523,2018
535,Jared Terrell,77250,78523,2018
536,CJ Williams,77250,78523,2018
537,Trevon Bluiett,77250,78523,2018
538,Isaiah Hicks,77250,78523,2018
539,Kadeem Allen,77250,78523,2018
540,Tyler Davis,77250,78523,2018
541,Donte Grantham,77250,78523,2018
542,Troy Caupain,77250,78523,2018
543,Amile Jefferson,77250,78523,2018
544,Shake Milton,77250,78523,2018
545,Haywood Highsmith,77250,78523,2018
546,George King,77250,78523,2018
547,Troy Williams,77250,78523,2018
548,Drew Eubanks,77250,78523,2018
549,Jordan Loyd,77250,78523,2018
550,Naz Long,77250,78523,2018
551,Tyler Cavanaugh,77250,78523,2018
552,Devin Robinson,77250,78523,2018
553,Jordan McRae,77250,78523,2018
554,Jonathan Gibson,76236,77492,2018
555,Kobi Simmons,76236,77492,2018
556,Andre Ingram,76236,77492,2018
557,Scott Machado,76236,77492,2018
558,Charles Cooke,76236,77492,2018
559,Scotty Hopson,76236,77492,2018
560,Wenyen Gabriel,75000,76236,2018
561,Billy Garrett,67370,68480,2018
562,Brandon Goodwin,56845,57782,2018
563,Mitch Creek,56845,57782,2018
564,Jemerrio Jones,52170,53030,2018
565,Jordan Sibert,47370,48150,2018
566,Isaac Humphries,47370,48150,2018
567,Mitchell Creek,47370,48150,2018
568,Tahjere McCall,47370,48150,2018
569,Michael Frazier,47370,48150,2018
570,Stephan Hicks,47370,48150,2018
571,Dusty Hannahs,47370,48150,2018
572,Kendrick Nunn,47370,48150,2018
573,Richard Solomon,47370,48150,2018
574,Cody Demps,47370,48150,2018
575,Tarik Phillip,47370,48150,2018
